index,name,type,price,score,displacement,horsepower,torque,length,width,height,wheelbase,imgLink
1,雅阁 2022款 260TURBO 舒享版,中型车,16.98,4.49,1.5,194,260,4906,1862,1449,2830,https://p1-dcd.byteimg.com/img/motor-img/f974dc4060ed75347ec712525d041b11~noop.png
2,朗逸 2022款 1.5L 手动风尚版,小型车,11.39,4.04,1.5,113,145,4670,1806,1474,2688,https://p1-dcd.byteimg.com/img/motor-img/306ec26cd97a806c754f352ca3fc9e24~noop.png
3,思域 2022款 180TURBO CVT尚动版,小型车,12.99,4.34,1.5,129,180,4674,1802,1415,2735,https://p1-dcd.byteimg.com/img/motor-img/af835d978de92b8342d900c8473c8d88~noop.png
4,长安UNI-V 2022款 1.5T 卓越型,小型车,10.89,4.28,1.5,188,300,4680,1838,1430,2750,https://p1-dcd.byteimg.com/img/motor-img/0d4710a714c5c25fe9c61fb95986f388~noop.png
5,速腾 2022款 200TSI 手动飞越版,小型车,13.35,3.98,1.2,116,175,4753,1800,1462,2731,https://p1-dcd.byteimg.com/img/motor-img/44c013067df2032cc03b6031eb68bf05~noop.png
6,迈腾 2021款 330TSI DSG 30周年纪念版,中型车,23.33,4.04,2,186,320,4865,1832,1471,2871,https://p9-dcd.byteimg.com/img/motor-img/8c83328da3313b2982cff5ccd560e2f3~noop.png
7,星瑞 2021款 2.0T 豪华型+,小型车,13.27,4.09,2,190,300,4785,1869,1469,2800,https://p9-dcd.byteimg.com/img/motor-img/bacd9a4c46b190afeb32a87e687fecf6~noop.png
8,秦PLUS DM-i 2021款 DM-i 55KM 尊贵型,小型车,11.18,4.18,1.5,110,135,4765,1837,1495,2718,https://p1-dcd.byteimg.com/img/motor-img/e7b6b1423eea61437bff9142196585c9~noop.png
9,影豹 2022款 R-Style赛道版,小型车,13.68,4.37,1.5,177,270,4700,1850,1432,2736,https://p1-dcd.byteimg.com/img/motor-img/6c22c47efb2d835c96ebdb0e7001e28a~noop.png
10,卡罗拉 2021款 1.2T S-CVT先锋PLUS版,小型车,12.28,3.92,1.2,116,185,4635,1780,1455,2700,https://p9-dcd.byteimg.com/img/motor-img/b2fb8f96191b30a2992fc05fb5af0a4c~noop.png
11,凌渡 2022款 凌渡L 280TSI DSG热辣版,小型车,15.09,4.06,1.4,150,250,4784,1831,1469,2731,https://p1-dcd.byteimg.com/img/motor-img/ae40d0483339787e87eabcd7b1b95edf~noop.png
12,型格 2022款 240TURBO 专属MT版,小型车,12.99,4.17,1.5,182,240,4689,1802,1415,2735,https://p1-dcd.byteimg.com/img/motor-img/dc1a958b027ca6fabf2b2b0079940f29~noop.png
13,宝来 2021款 1.5L 手动时尚智联版,小型车,11.2,3.94,1.5,113,145,4663,1815,1462,2688,https://p1-dcd.byteimg.com/img/motor-img/1110b4ca6fe65b9a89c9630c46f112ea~noop.png
14,逸动 2022款 PLUS 1.6L GDI 手动精英型,小型车,7.29,3.88,1.6,128,161,4730,1820,1505,2700,https://p1-dcd.byteimg.com/img/motor-img/27cab33c1f4352c900d367741a8bafcf~noop.png
15,天籁 2021款 2.0L XE 时尚版,中型车,17.98,4.19,2,156,197,4901,1850,1450,2825,https://p1-dcd.byteimg.com/img/motor-img/9ba8ec7414fea05668d1b8cd7e26da46~noop.png
16,雷凌 2022款 185T CVT豪华版,小型车,12.98,3.95,1.2,116,185,4640,1780,1455,2700,https://p1-dcd.byteimg.com/img/motor-img/f9a2fab8c369a3e3ecd5fdf191f9efba~noop.png
17,领克03 2022款 1.5TD DCT劲Plus,小型车,13.68,4.18,1.5,180,265,4657,1840,1472,2730,https://p1-dcd.byteimg.com/img/motor-img/140ea9a8193b949ba1834ea05215a352~noop.png
19,迈锐宝XL 2022款 535T 自动锐行版,中型车,16.49,4.4,1.5,169,250,4933,1854,1472,2829,https://p1-dcd.byteimg.com/img/motor-img/8171a91a9f3017a9001e682797dc5f77~noop.png
20,红旗H5 2022款 1.5T DCT旗悦版,中型车,14.58,4.37,1.5,169,258,4945,1845,1470,2875,https://p1-dcd.byteimg.com/img/motor-img/17358d96b68c50ab91bf79f484925d80~noop.png
21,威朗 2022款 Pro 532T 乐行版,小型车,12.99,3.89,1.5,184,250,4664,1786,1472,2700,https://p1-dcd.byteimg.com/img/motor-img/483b3632a94e0153c29c1191020b9839~noop.png
22,缤瑞 2022款 缤瑞COOL 1.5T DCT风驰版,小型车,9.48,4.05,1.5,181,290,4710,1795,1455,2670,https://p1-dcd.byteimg.com/img/motor-img/00cf514e7ba331d7363fd2d470037d9e~noop.png
23,英仕派 2022款 260TURBO 典雅版,中型车,17.99,4.27,1.5,194,260,4924,1862,1449,2830,https://p1-dcd.byteimg.com/img/motor-img/829c6a04aca62dd3b24c123476ad43ed~noop.png
24,驱逐舰 05 2022款 DM-i 55KM 舒适型,小型车,11.98,4.04,1.5,110,135,4780,1837,1495,2718,https://p1-dcd.byteimg.com/img/motor-img/8fcc072ede0177d43701ab250cb64b7b~noop.png
25,马自达3 昂克赛拉 2021款 1.5L 手动质美版,小型车,11.59,4.45,1.5,117,148,4662,1797,1445,2726,https://p3-dcd.byteimg.com/img/motor-img/2ed9950bbf60e473727cf3735528e032~noop.png
26,奔驰A级 2022款 A 180 L,小型车,21.48,4.16,1.3,136,200,4622,1796,1459,2789,https://p1-dcd.byteimg.com/img/motor-img/bdeb84b9ae65b41f39ba686f2f747a4a~noop.png
27,高尔夫 2021款 200TSI DSG,小型车,12.98,4.13,1.2,116,200,4296,1788,1471,2636,https://p1-dcd.byteimg.com/img/motor-img/760b10bceee8879554a3cad1bcbf4b5e~noop.png
28,伊兰特 2022款 1.5L CVT GLS领先版,小型车,9.98,4.2,1.5,115,144,4680,1810,1415,2720,https://p1-dcd.byteimg.com/img/motor-img/09aea78a84b05afc2fbac4174fc15b1e~noop.png
29,帝豪L 雷神Hi・X 2022款 1.5TD-DHT Pro 100KM Super 净,小型车,12.98,4.2,1.5,181,290,4735,1815,1495,2700,https://p1-dcd.byteimg.com/img/motor-img/92f2c9929275e6d54b541c826a21e51b~noop.png
30,雅阁 2022款 260TURBO 舒享版,中型车,16.98,4.49,1.5,194,260,4906,1862,1449,2830,https://p3-dcd.byteimg.com/img/motor-img/f974dc4060ed75347ec712525d041b11~noop.png
31,奥迪A4L 2022款 35 TFSI 时尚动感型,中型车,30.68,4.48,2,150,270,4858,1847,1439,2908,https://p1-dcd.byteimg.com/img/motor-img/b9d9856f7ddc210dc2d7a5e20f3055a4~noop.png
32,奔驰C级 2022款 C 200 L 运动版,中型车,32.52,4.43,1.5,170,250,4882,1820,1456,2954,https://p9-dcd.byteimg.com/img/motor-img/384307383728c16c2ee56e29f7f5b891~noop.png
33,凯美瑞 2021款 2.0E 精英版,中型车,17.98,4.31,2,178,210,4885,1840,1455,2825,https://p1-dcd.byteimg.com/img/motor-img/46a9db48bccc28d5a4aadcbcf9b5df96~noop.png
34,蒙迪欧 2022款 EcoBoost 245 时尚型,中型车,15.98,4.02,2,238,376,4935,1875,1500,2945,https://p3-dcd.byteimg.com/img/motor-img/89e3909ed08a5cbe861bcf9ff9946ad7~noop.png
35,凯迪拉克CT5 2022款 28T 风尚型,中型车,27.97,4.52,2,237,350,4924,1883,1453,2947,https://p1-dcd.byteimg.com/img/motor-img/c68f0a5049df07beec63cb3dd61d1558~noop.png
37,迈腾 2021款 330TSI DSG 30周年纪念版,中型车,23.33,4.04,2,186,320,4865,1832,1471,2871,https://p1-dcd.byteimg.com/img/motor-img/8c83328da3313b2982cff5ccd560e2f3~noop.png
38,帕萨特 2022款 280TSI 商务版,中型车,18.19,4.17,1.4,150,250,4948,1836,1469,2871,https://p3-dcd.byteimg.com/img/motor-img/f32746d0db48f62928dcabff626330c3~noop.png
39,亚洲龙 2022款 2.0L 进取版,中型车,19.98,4.39,2,178,210,4990,1850,1450,2870,https://p1-dcd.byteimg.com/img/motor-img/e7857f1cf991c376307a893fc26e2cd1~noop.png
40,汉DM 2022款 DM-i 121KM尊贵型,大型车,21.58,4.29,1.5,139,231,4975,1910,1495,2920,https://p1-dcd.byteimg.com/img/motor-img/d0fd7da29eed3b2a3a8776bc19de0f52~noop.png
41,天籁 2021款 2.0L XE 时尚版,中型车,17.98,4.19,2,156,197,4901,1850,1450,2825,https://p1-dcd.byteimg.com/img/motor-img/9ba8ec7414fea05668d1b8cd7e26da46~noop.png
42,君威 2022款 552T 智享型,中型车,19.68,4.2,1.5,169,250,4904,1863,1461,2829,https://p1-dcd.byteimg.com/img/motor-img/f438ee5b94bf1a165ffc298c7aba19b4~noop.png
43,领克03 2022款 1.5TD DCT劲Plus,小型车,13.68,4.18,1.5,180,265,4657,1840,1472,2730,https://p1-dcd.byteimg.com/img/motor-img/140ea9a8193b949ba1834ea05215a352~noop.png
44,奥迪A3 2022款 Sportback 35 TFSI 进取致雅型,小型车,20.31,4.33,1.4,150,250,4343,1815,1458,2630,https://p1-dcd.byteimg.com/img/motor-img/597bca01c39b31ca3684c2af33300afa~noop.png
45,大众CC 2021款 330TSI 炫目版,中型车,24.99,4.51,2,186,320,4865,1870,1459,2841,https://p1-dcd.byteimg.com/img/motor-img/bc1a1cfcace04020b804932bd5c78749~noop.png
46,英仕派 2022款 260TURBO 典雅版,中型车,17.99,4.27,1.5,194,260,4924,1862,1449,2830,https://p1-dcd.byteimg.com/img/motor-img/829c6a04aca62dd3b24c123476ad43ed~noop.png
48,高尔夫 2021款 200TSI DSG,小型车,12.98,4.13,1.2,116,200,4296,1788,1471,2636,https://p1-dcd.byteimg.com/img/motor-img/760b10bceee8879554a3cad1bcbf4b5e~noop.png
49,林肯Z 2022款 i酷 尊悦版,中型车,25.28,4.23,2,246,376,4982,1865,1485,2930,https://p9-dcd.byteimg.com/img/motor-img/bcb66ab6c3d3d01477068d328fe05788~noop.png
50,君越 2022款 552T 豪华型,中型车,21.98,4.31,1.5,169,250,5026,1866,1459,2905,https://p1-dcd.byteimg.com/img/motor-img/ebc234b6062b18b6265efc4723f732ec~noop.png
51,凯迪拉克CT4 2022款 28T 风尚型,中型车,23.97,4.45,2,237,350,4760,1815,1421,2775,https://p1-dcd.byteimg.com/img/motor-img/a938601f104f4c69a99295b5c728c493~noop.png
52,沃尔沃S60 2022款 B3 智行豪华版,中型车,29.69,4.42,2,163,265,4761,1850,1437,2872,https://p3-dcd.byteimg.com/img/motor-img/32788e221ee9ce7bdc710115d84ba355~noop.png
53,捷豹XEL 2021款 2.0T 200PS R-DYNAMIC 青春运动版,中型车,29.98,4.57,2,200,320,4778,1850,1429,2935,https://p1-dcd.byteimg.com/img/motor-img/4ed25584673478bb253640103995b474~noop.png
54,阿特兹 2021款 2.0L 蓝天时尚版,中型车,17.58,4.4,2,158,202,4870,1840,1445,2830,https://p3-dcd.byteimg.com/img/motor-img/23dae7287112eed1cb699aa22646497f~noop.png
55,奔驰CLA级 2022款 CLA 200 四门轿跑车,小型车,29.98,4.62,1.3,163,250,4692,1830,1422,2729,https://p1-dcd.byteimg.com/img/motor-img/2697f3fcb38c3ce604ad4408ffb0f115~noop.png
56,捷尼赛思G70 2023款 2.0T 后驱豪华版,中型车,25.08,4.48,2,245,353,4700,1850,1400,2835,https://p1-dcd.byteimg.com/img/motor-img/e0189a3f960c5144e012b6369a5432ab~noop.png
57,标致508L 2022款 360THP PureTech 先锋版,中型车,15.97,4.17,1.6,170,250,4870,1855,1455,2848,https://p1-dcd.byteimg.com/img/motor-img/304dff8a7af711897b242f6a59961fdb~noop.png
59,MINI 2022款 1.5T COOPER The Coopers 纪念版,小型车,25.49,4.09,1.5,136,220,3832,1727,1451,2495,https://p1-dcd.byteimg.com/img/motor-img/920a9fd8dc12065369016a002c651f6d~noop.png
60,奥迪A4L 2022款 35 TFSI 时尚动感型,中型车,30.68,4.48,2,150,270,4858,1847,1439,2908,https://p1-dcd.byteimg.com/img/motor-img/b9d9856f7ddc210dc2d7a5e20f3055a4~noop.png
61,宝马3系 2022款 改款 320i 运动套装,中型车,29.39,4.47,2,156,250,4719,1827,1459,2851,https://p1-dcd.byteimg.com/img/motor-img/f17f0d33c35bc994f9cdf4202235e999~noop.png
62,奥迪A6L 2022款 40 TFSI 豪华致雅型,大型车,41.98,4.44,2,190,320,5038,1886,1475,3024,https://p1-dcd.byteimg.com/img/motor-img/b247fab14141e0b59eeee709bdbdea7b~noop.png
63,奔驰E级 2022款 改款 E 260 L 轿车,大型车,43.81,4.38,2,197,320,5078,1860,1480,3079,https://p3-dcd.byteimg.com/img/motor-img/70261eb4cd2f0b38cc2f7da9dfff9d55~noop.png
64,凯迪拉克CT5 2022款 28T 风尚型,中型车,27.97,4.52,2,237,350,4924,1883,1453,2947,https://p1-dcd.byteimg.com/img/motor-img/c68f0a5049df07beec63cb3dd61d1558~noop.png
66,汉DM 2022款 DM-i 121KM尊贵型,大型车,21.58,4.29,1.5,139,231,4975,1910,1495,2920,https://p1-dcd.byteimg.com/img/motor-img/d0fd7da29eed3b2a3a8776bc19de0f52~noop.png
67,雷克萨斯ES 2021款 200 卓越版,大型车,29.49,4.64,2,173,208,4975,1866,1447,2870,https://p9-dcd.byteimg.com/img/motor-img/4782a535c22599dc9b9b6b651f99280c~noop.png
70,林肯Z 2022款 i酷 尊悦版,中型车,25.28,4.23,2,246,376,4982,1865,1485,2930,https://p3-dcd.byteimg.com/img/motor-img/bcb66ab6c3d3d01477068d328fe05788~noop.png
71,红旗H9 2022款 2.0T 智联旗悦版,大型车,30.98,4.54,2,252,380,5137,1904,1493,3060,https://p1-dcd.byteimg.com/img/motor-img/1371ea9d22ccda63f34ddd383d2a0e26~noop.png
72,凯迪拉克CT6 2022款 28T 风尚型,大型车,39.97,4.57,2,237,350,5223,1879,1492,3109,https://p1-dcd.byteimg.com/img/motor-img/465dc01d72c16442b9cf89925c76c322~noop.png
73,沃尔沃S60 2022款 B3 智行豪华版,中型车,29.69,4.42,2,163,265,4761,1850,1437,2872,https://p1-dcd.byteimg.com/img/motor-img/32788e221ee9ce7bdc710115d84ba355~noop.png
74,捷豹XEL 2021款 2.0T 200PS R-DYNAMIC 青春运动版,中型车,29.98,4.57,2,200,320,4778,1850,1429,2935,https://p1-dcd.byteimg.com/img/motor-img/4ed25584673478bb253640103995b474~noop.png
75,奥迪A5 2022款 Sportback 40 TFSI 时尚致雅型,中型车,37.98,4.58,2,204,320,4757,1843,1358,2826,https://p1-dcd.byteimg.com/img/motor-img/4489fc96e9e7009ef09e34fde126ed7d~noop.png
77,沃尔沃S90 2022款 B5 智逸豪华版,大型车,40.69,4.35,2,250,350,5090,1879,1450,3061,https://p1-dcd.byteimg.com/img/motor-img/3878a4c3d95de8876266901f71951479~noop.png
78,宝马4系 2022款 425i M运动套装,中型车,36.38,4.58,2,184,300,4773,1852,1395,2851,https://p1-dcd.byteimg.com/img/motor-img/df42521363e25dee8626c4a6cea12f8a~noop.png
79,捷豹XFL 2021款 2.0T P200 两驱精英豪华版,大型车,39.98,4.53,2,200,320,5102,1880,1456,3100,https://p1-dcd.byteimg.com/img/motor-img/190c57af7bbbeef1fe4d861898bc4fb0~noop.png
80,捷尼赛思G70 2023款 2.0T 后驱豪华版,中型车,25.08,4.48,2,245,353,4700,1850,1400,2835,https://p1-dcd.byteimg.com/img/motor-img/e0189a3f960c5144e012b6369a5432ab~noop.png
81,辉昂 2021款 380TSI 豪华版,大型车,34.3,3.97,2,224,350,5074,1893,1489,3009,https://p1-dcd.byteimg.com/img/motor-img/83ea15115e6f0f60f15837da6dea8470~noop.png
82,宝马2系 2022款 225i M运动曜夜套装,小型车,29.98,4.22,2,184,300,4556,1838,1405,2741,https://p9-dcd.byteimg.com/img/motor-img/c20997daba894d288cad8732dd73f755~noop.png
83,奔驰E级(进口) 2021款 改款 E 260 轿跑车,大型车,53.08,4.4,2,197,320,4846,1860,1434,2873,https://p9-dcd.byteimg.com/img/motor-img/2e9cf95e5f1de1ac45aa0135c5a76b1e~noop.png
84,奔驰C级(进口) 2022款 改款 C 200 轿跑车,中型车,35.08,4.35,1.5,156,250,4698,1810,1408,2840,https://p1-dcd.byteimg.com/img/motor-img/c502719d3259c47e79d0ea37d90071f4~noop.png
86,MINI 2022款 1.5T COOPER The Coopers 纪念版,小型车,25.49,4.09,1.5,136,220,3832,1727,1451,2495,https://p3-dcd.byteimg.com/img/motor-img/920a9fd8dc12065369016a002c651f6d~noop.png
87,捷尼赛思G80 2023款 2.5T 两驱豪华版,大型车,36.38,4.4,2.5,304,422,4995,1925,1465,3010,https://p1-dcd.byteimg.com/img/motor-img/fd893b80e9798fcf63d7ab84652e5a00~noop.png
88,奥迪A4(进口) 2022款 Avant 40 TFSI 时尚致雅型,中型车,35.98,4.45,2,204,320,4762,1847,1459,2822,https://p9-dcd.byteimg.com/img/motor-img/6594c76eeb470238b9bb8512c3f9a22c~noop.png
90,奥迪A6L 2022款 40 TFSI 豪华致雅型,大型车,41.98,4.44,2,190,320,5038,1886,1475,3024,https://p1-dcd.byteimg.com/img/motor-img/b247fab14141e0b59eeee709bdbdea7b~noop.png
91,宝马5系 2022款 改款 525Li 豪华套装,大型车,42.89,4.44,2,184,290,5106,1868,1500,3105,https://p1-dcd.byteimg.com/img/motor-img/10ce6135622d78fc875b3b3f0ba8fce8~noop.png
92,红旗H9 2022款 2.0T 智联旗悦版,大型车,30.98,4.54,2,252,380,5137,1904,1493,3060,https://p1-dcd.byteimg.com/img/motor-img/1371ea9d22ccda63f34ddd383d2a0e26~noop.png
93,奔驰S级 2022款 S 400 L 商务型,大型车,91.78,4.47,2.5,313,450,5290,1921,1503,3216,https://p1-dcd.byteimg.com/img/motor-img/c421ada55e9739c18fc4e6ff7992c056~noop.png
94,Panamera 2023款 Panamera 2.9T,大型车,99.8,4.62,2.9,330,450,5049,1937,1423,2950,https://p1-dcd.byteimg.com/img/motor-img/e33997827ea9ff7a0acbd2980be3e0d8~noop.png
95,奥迪A5 2022款 Sportback 40 TFSI 时尚致雅型,中型车,37.98,4.58,2,204,320,4757,1843,1358,2826,https://p1-dcd.byteimg.com/img/motor-img/4489fc96e9e7009ef09e34fde126ed7d~noop.png
96,宝马7系 2021款 730Li 豪华套装,大型车,82.8,4.51,2,265,400,5273,1902,1498,3210,https://p1-dcd.byteimg.com/img/motor-img/fcb0abf30a0d03191754d387f887fa91~noop.png
97,奥迪A7 2022款 40 TFSI 豪华型,大型车,58.58,4.73,2,190,320,4976,1908,1405,2928,https://p1-dcd.byteimg.com/img/motor-img/a3e7a39f0d04bfb1f01b43e0e6cae726~noop.png
98,宝马4系 2022款 425i M运动套装,中型车,36.38,4.58,2,184,300,4773,1852,1395,2851,https://p1-dcd.byteimg.com/img/motor-img/df42521363e25dee8626c4a6cea12f8a~noop.png
99,迈巴赫S级 2022款 S 480 4MATIC 智臻特别版,大型车,154.1,4.47,3,367,500,5470,1921,1510,3396,https://p1-dcd.byteimg.com/img/motor-img/18a5f760738c3399369b8bb027bfbc84~noop.png
100,奥迪A8 2022款 A8L 50 TFSI quattro 舒适型典藏版,大型车,85.88,4.36,3,286,450,5302,1945,1483,3128,https://p9-dcd.byteimg.com/img/motor-img/b0f82457a2bc03c7cc62839a1d913b31~noop.png
102,奥迪A7L 2022款 45 TFSI S-line 筑梦青春版,大型车,44.97,4.34,2,245,370,5076,1908,1429,3026,https://p1-dcd.byteimg.com/img/motor-img/2d8a5201cffa633101a59b71d00fafef~noop.png
103,奥迪RS 7 2022款 RS 7 4.0T Sportback,大型车,146.88,4.55,4,600,800,5009,1950,1422,2929,https://p1-dcd.byteimg.com/img/motor-img/e8b82f0d971b38e4c0bb6e52d21a559a~noop.png
104,奔驰C级AMG 2021款 AMG C 43 4MATIC,中型车,57.38,4.49,3,390,520,4704,1810,1434,2840,https://p9-dcd.byteimg.com/img/motor-img/00a320a0c5cc0c6827d747de730ef1d6~noop.png
105,奔驰CLS 2022款 CLS 260,大型车,57.68,4.45,2,197,320,4996,1890,1432,2939,https://p1-dcd.byteimg.com/img/motor-img/17e6bede742a6020ac7f7bc91551f6c6~noop.png
106,雷克萨斯LS 2021款 500h 卓越版,大型车,87.8,4.43,3.5,299,350,5235,1900,1450,3125,https://p9-dcd.byteimg.com/img/motor-img/c5e749092bafe499be1f11147475647b~noop.png
107,奔驰E级(进口) 2021款 改款 E 260 轿跑车,大型车,53.08,4.4,2,197,320,4846,1860,1434,2873,https://p1-dcd.byteimg.com/img/motor-img/2e9cf95e5f1de1ac45aa0135c5a76b1e~noop.png
110,宝马5系(进口) 2022款 改款 525i M运动套装,大型车,42.39,4.61,2,184,290,4976,1868,1489,2975,https://p1-dcd.byteimg.com/img/motor-img/69711734ae1818615e8572d38193a8ad~noop.png
111,飞驰 2022款 4.0T V8 标准版,大型车,273.8,4.64,4,550,770,5316,1978,1483,3194,https://p3-dcd.byteimg.com/img/motor-img/7e5204ad205f852378dc1d6e81060b85~noop.png
112,宝马M4 2021款 M4双门轿跑车 雷霆版,中型车,87.99,4.41,3,510,650,4803,1887,1402,2857,https://p1-dcd.byteimg.com/img/motor-img/220aced9e4137e45fd33eb9efec89c3b~noop.png
113,奥迪A6(进口) 2022款 Avant 先锋派 40 TFSI 豪华动感型,大型车,46.18,4.63,2,190,320,4951,1886,1483,2925,https://p1-dcd.byteimg.com/img/motor-img/2da29c63de92b2cc81e11846e93822b7~noop.png
114,幻影 2018款 6.7T 标准轴距版,大型车,790,4.72,6.7,571,900,5770,2018,1648,3552,https://p1-dcd.byteimg.com/img/motor-img/4d30bdb19fc9648da13375458bc79c0a~noop.png
115,Giulia 2022款 2.0T 280HP Ti 驾控版,中型车,37.98,4.39,2,280,400,4643,1860,1438,2820,https://p1-dcd.byteimg.com/img/motor-img/ebf4eac023d1b12daaf00d222091c628~noop.png
116,宝马M3 2021款 M3四门轿车 雷霆版,中型车,84.99,4.46,3,510,650,4803,1903,1447,2857,https://p1-dcd.byteimg.com/img/motor-img/a6ed60e1aa3e7f6a9e3e2564b9808abd~noop.png
117,宝马6系GT 2021款 630i 豪华设计套装,大型车,58.39,4.45,2,258,400,5103,1904,1550,3070,https://p1-dcd.byteimg.com/img/motor-img/2282091b37a61d567f2cb39344f7cf94~noop.png
118,总裁 2022款 3.0T GT,大型车,145.78,4.38,3,350,500,5262,1948,1476,3171,https://p1-dcd.byteimg.com/img/motor-img/397acbe9d79cf5dbb0e01b68f3361476~noop.png
119,Ghibli 2022款 2.0T GT锋芒版,大型车,77.28,4.38,2,330,450,4971,1945,1461,2998,https://p1-dcd.byteimg.com/img/motor-img/13bae2394a0eb98c8fa17ae782b6d00d~noop.png
120,宋PLUS DM-i 2021款 DM-i 51KM 两驱尊贵型,SUV,15.28,4.2,1.5,110,135,4705,1890,1680,2765,https://p3-dcd.byteimg.com/img/motor-img/a7188d742fdf9515fb0655df78ce20d3~noop.png
121,本田CR-V 2021款 240TURBO CVT两驱黑爵士版,SUV,21.18,4.02,1.5,193,243,4621,1855,1679,2661,https://p1-dcd.byteimg.com/img/motor-img/1a31acc7d3fd145f730a65c4506d2741~noop.png
122,坦克300 2021款 越野版 2.0T 挑战者,SUV,19.58,4.48,2,227,387,4760,1930,1903,2750,https://p1-dcd.byteimg.com/img/motor-img/cce3530b58a24badc02ac94570c760b8~noop.png
123,昂科威 2022款 昂科威S 552T 两驱精英型,SUV,20.99,4.2,1.5,211,270,4662,1883,1631,2779,https://p1-dcd.byteimg.com/img/motor-img/a6653ddfa9fe721f5c6187fa22947471~noop.png
124,途观L 2022款 330TSI 自动两驱舒享版,SUV,21.78,4.12,2,186,320,4733,1839,1673,2791,https://p1-dcd.byteimg.com/img/motor-img/8201ed0a4daa11da0ecfc31209187bde~noop.png
125,唐DM 2021款 2.0T 四驱性能版尊贵型,SUV,23.98,4.11,2,192,320,4870,1950,1725,2820,https://p1-dcd.byteimg.com/img/motor-img/9d867f2df357f058d5f20ea73ee0ada1~noop.png
126,皓影 2021款 240TURBO 手动两驱精英版,SUV,16.98,4.3,1.5,193,243,4634,1855,1679,2661,https://p1-dcd.byteimg.com/img/motor-img/1aed8dd54bba4511936ea51808601e70~noop.png
127,RAV4荣放 2021款 2.0L CVT两驱都市版,SUV,17.58,4.37,2,171,209,4600,1855,1680,2690,https://p1-dcd.byteimg.com/img/motor-img/d1ac1817fbc495d355e029a8b10c68f8~noop.png
128,红旗HS5 2022款 2.0T 智联旗悦版,SUV,18.38,4.15,2,224,340,4760,1907,1700,2870,https://p1-dcd.byteimg.com/img/motor-img/d3c2eba12fe90932391dee1e6438b7c4~noop.png
129,威兰达 2022款 2.0L 两驱领先版,SUV,17.18,4.12,2,171,209,4665,1855,1680,2690,https://p1-dcd.byteimg.com/img/motor-img/6f0e7dd2d71698e60b68a28b609bf66e~noop.png
130,传祺GS8 2022款 领航系列 2.0TGDI 两驱豪华智联版6座,SUV,18.68,4.19,2,252,400,4980,1950,1780,2920,https://p1-dcd.byteimg.com/img/motor-img/bef1e4e3b0a6fa8de3a3887dcaaad449~noop.png
131,奔驰GLB 2022款 改款 GLB 180 动感型,SUV,29.09,4.28,1.3,136,200,4638,1834,1687,2829,https://p1-dcd.byteimg.com/img/motor-img/ac64546623515f28fc6e56e38f7f2dd3~noop.png
132,宝马X1 2022款 sDrive20Li 时尚型,SUV,27.98,4.09,1.5,140,220,4565,1821,1620,2780,https://p3-dcd.byteimg.com/img/motor-img/2b5c618b410d350194d653e27701443b~noop.png
133,探岳 2022款 280TSI 两驱豪华智联版,SUV,20.49,4.11,1.4,150,250,4589,1860,1660,2731,https://p1-dcd.byteimg.com/img/motor-img/6d6e64aace0f32799bf2d58ce4fe2b73~noop.png
134,奥迪Q3 2022款 35 TFSI 进取动感型,SUV,27.88,4.31,1.4,150,250,4495,1848,1616,2680,https://p1-dcd.byteimg.com/img/motor-img/0478b13b3146264a434cc758fa2693eb~noop.png
135,冒险家 2022款 2.0T 两驱MONO限量版,SUV,28.98,4.11,2,245,390,4615,1887,1630,2711,https://p1-dcd.byteimg.com/img/motor-img/66c3d8def50bfa3147bce7f8effd1ad5~noop.png
136,冠道 2020款 240 TURBO CVT 精英版,SUV,22,4.05,1.5,193,243,4858,1942,1670,2820,https://p1-dcd.byteimg.com/img/motor-img/26f0c10201f02572f684ead41b64e26e~noop.png
137,奇骏 2021款 VC-Turbo 300 CVT 2WD时尚版,SUV,18.19,3.93,1.5,204,300,4681,1840,1730,2706,https://p1-dcd.byteimg.com/img/motor-img/9e98656a7bf24ad886d6f9d3584eda9b~noop.png
138,北京BJ40 2022款 2.0T 自动四驱环塔冠军版,SUV,20.99,3.98,2,224,380,4630,1925,1871,2745,https://p1-dcd.byteimg.com/img/motor-img/d75abdd80f3d7ba96237d46e036e31bf~noop.png
139,领克05 2022款 2.0TD 两驱耀,SUV,17.58,4.26,2,254,350,4592,1879,1628,2734,https://p1-dcd.byteimg.com/img/motor-img/f706964d43ae4d940c6d38f051553eb8~noop.png
140,欧蓝德 2021款 改款 2.0L 两驱畅行版 5座,SUV,15.98,3.83,2,166,201,4705,1810,1710,2670,https://p1-dcd.byteimg.com/img/motor-img/d502438c35847ee3980ff560c6a1a929~noop.png
141,凯迪拉克XT4 2022款 28T 两驱风尚型,SUV,26.17,4.35,2,237,350,4600,1881,1627,2779,https://p1-dcd.byteimg.com/img/motor-img/1234e81b15b197c2619d7913e7012161~noop.png
142,揽月 2022款 探享版 400T 两驱星享 5座,SUV,17.99,3.95,2,261,400,4970,1940,1788,2900,https://p1-dcd.byteimg.com/img/motor-img/1da13ea11df361f0cbe3c12dc214a6e6~noop.png
143,发现运动版 2022款 200PS 家庭版 5座,SUV,35.68,4.14,2,200,320,4597,1904,1727,2741,https://p1-dcd.byteimg.com/img/motor-img/4adeee45261e0cbf911b60c3978e2d86~noop.png
145,本田UR-V 2020款 240TURBO 两驱致悦版,SUV,24.68,4.08,1.5,193,243,4856,1942,1670,2820,https://p1-dcd.byteimg.com/img/motor-img/db96eefc8ca7a87b3b2950b414569eb4~noop.png
146,领裕 2021款 EcoBoost 225 5座精领型,SUV,16.98,3.97,2,224,360,4905,1930,1755,2865,https://p1-dcd.byteimg.com/img/motor-img/5ec5b7a23f589c59e41c6fc243a9c56b~noop.png
147,奥迪Q2L 2022款 35 TFSI 进取致雅型,SUV,22.88,4.19,1.4,150,250,4257,1785,1547,2628,https://p1-dcd.byteimg.com/img/motor-img/0e16b77226dca6112ea3d2b8e2e7d9d5~noop.png
148,马自达CX-5 2022款 2.0L 自动两驱舒适型,SUV,17.58,4.36,2,155,200,4575,1842,1685,2700,https://p1-dcd.byteimg.com/img/motor-img/2fc057c01b2843f10af028ad0fc3c19a~noop.png
149,开拓者 2021款 轻混 650T 7座 型版,SUV,25.99,4.25,2,237,350,4999,1953,1717,2863,https://p1-dcd.byteimg.com/img/motor-img/87022b02e646f4a4204f2cb8f323d5ca~noop.png
150,坦克300 2021款 越野版 2.0T 挑战者,SUV,19.58,4.48,2,227,387,4760,1930,1903,2750,https://p1-dcd.byteimg.com/img/motor-img/cce3530b58a24badc02ac94570c760b8~noop.png
151,奔驰GLC 2022款 二次改款 GLC 260 L 4MATIC 动感型,SUV,40.25,4.25,2,197,320,4764,1898,1642,2973,https://p1-dcd.byteimg.com/img/motor-img/e7f454e5d4e4455413faa4bba5126799~noop.png
152,奥迪Q5L 2022款 40T 时尚动感型,SUV,39.68,4.42,2,190,320,4770,1893,1667,2907,https://p9-dcd.byteimg.com/img/motor-img/201fcd0f4247174b883e027100c6f7b3~noop.png
153,汉兰达 2022款 双擎 2.5L 两驱精英版 5座,SUV,26.88,4.2,2.5,192,238,4965,1930,1750,2850,https://p1-dcd.byteimg.com/img/motor-img/21f7dee55995145fa5f742657ff783a0~noop.png
154,坦克500 2022款 运动版 登峰 5座,SUV,33.5,4.24,3,360,500,5070,1934,1905,2850,https://p1-dcd.byteimg.com/img/motor-img/d387242f8d42256a4707233b5421c3c4~noop.png
155,宝马X3 2022款 xDrive25i M运动套装,SUV,39.28,4.43,2,184,300,4737,1891,1689,2864,https://p9-dcd.byteimg.com/img/motor-img/77da976a9938b0ec5fc46615b7715e74~noop.png
156,沃尔沃XC60 2022款 B4 两驱智行豪华版,SUV,37.39,4.37,2,197,300,4708,1902,1658,2865,https://p1-dcd.byteimg.com/img/motor-img/5b9793002c3624fcff5acd2041925a55~noop.png
157,途昂 2022款 330TSI 两驱豪华版,SUV,29.5,4.25,2,186,320,5052,1989,1773,2980,https://p1-dcd.byteimg.com/img/motor-img/31c62d9e9677c421c2ce05824d758066~noop.png
159,问界M5 2022款 后驱标准版,SUV,25.98,4.1,1.5,125,205,4770,1930,1625,2880,https://p1-dcd.byteimg.com/img/motor-img/8d1cddddfd217bfba42a1ea460f60010~noop.png
160,揽境 2021款 330TSI 精英新境版,SUV,29.99,4.03,2,186,320,5152,2002,1795,2980,https://p1-dcd.byteimg.com/img/motor-img/9a4d6204f06c93465cbb29f646ecdd8e~noop.png
161,冒险家 2022款 2.0T 两驱MONO限量版,SUV,28.98,4.11,2,245,390,4615,1887,1630,2711,https://p9-dcd.byteimg.com/img/motor-img/66c3d8def50bfa3147bce7f8effd1ad5~noop.png
162,冠道 2020款 240 TURBO CVT 精英版,SUV,22,4.05,1.5,193,243,4858,1942,1670,2820,https://p1-dcd.byteimg.com/img/motor-img/26f0c10201f02572f684ead41b64e26e~noop.png
163,皇冠陆放 2021款 2.5L HEV两驱进取版,SUV,27.58,4.31,2.5,192,238,5015,1930,1750,2850,https://p1-dcd.byteimg.com/img/motor-img/7a7143dba294bfc49ff39a154e4b9ad5~noop.png
164,凯迪拉克XT5 2022款 2.0T 两驱风尚型,SUV,33.27,4.38,2,237,350,4813,1903,1682,2857,https://p9-dcd.byteimg.com/img/motor-img/c17e337c35ef43835c945d3bd3d25942~noop.png
165,揽胜极光 2021款 极光L 200PS R-Dynamic Standard精英版,SUV,38.98,4.33,2,200,320,4531,1904,1650,2841,https://p1-dcd.byteimg.com/img/motor-img/99568225ef7ce28de72b976b799ba2d1~noop.png
166,凯迪拉克XT6 2022款 2.0T 轻混动 七座两驱风尚型,SUV,39.27,4.57,2,237,350,5056,1964,1777,2863,https://p1-dcd.byteimg.com/img/motor-img/6d647af5a9e836b52664a4b0e679b4ea~noop.png
167,探险者 2022款 EcoBoost 285 三十周年纪念版 6座,SUV,33.98,4.28,2.3,276,425,5075,2004,1778,3025,https://p1-dcd.byteimg.com/img/motor-img/10172dc02016fef77c5efa81754b11bf~noop.png
168,凯迪拉克XT4 2022款 28T 两驱风尚型,SUV,26.17,4.35,2,237,350,4600,1881,1627,2779,https://p1-dcd.byteimg.com/img/motor-img/1234e81b15b197c2619d7913e7012161~noop.png
169,领克09 2021款 2.0T Pro 七座,SUV,26.59,4.07,2,254,350,5042,1977,1780,2984,https://p1-dcd.byteimg.com/img/motor-img/1a06bf130547fd74fa56c6a455d8dd7d~noop.png
170,航海家 2022款 2.7T 四驱尊雅版,SUV,40.58,4.11,2.7,322,500,4849,1934,1693,2850,https://p1-dcd.byteimg.com/img/motor-img/18dff70e2b6dce9861955d3b1a42520b~noop.png
171,发现运动版 2022款 200PS 家庭版 5座,SUV,35.68,4.14,2,200,320,4597,1904,1727,2741,https://p1-dcd.byteimg.com/img/motor-img/4adeee45261e0cbf911b60c3978e2d86~noop.png
172,本田UR-V 2020款 240TURBO 两驱致悦版,SUV,24.68,4.08,1.5,193,243,4856,1942,1670,2820,https://p1-dcd.byteimg.com/img/motor-img/db96eefc8ca7a87b3b2950b414569eb4~noop.png
173,奔驰GLA 2022款 改款 GLA 180,SUV,27.49,4.1,1.3,136,200,4427,1834,1610,2729,https://p9-dcd.byteimg.com/img/motor-img/ea488e8d2a2b6944933531ac136e4c67~noop.png
174,锐界 2021款 PLUS EcoBoost 245 两驱精锐型 5座,SUV,22.98,3.91,2,245,390,4878,1925,1734,2850,https://p1-dcd.byteimg.com/img/motor-img/976bb2af987b5dd68d99d972a29ff4c7~noop.png
175,昂科旗 2022款 652T 两驱尊贵型,SUV,29.99,4.29,2,237,350,4981,1953,1722,2863,https://p1-dcd.byteimg.com/img/motor-img/bc901ffc4cc27ad809db884987ea9edc~noop.png
177,途昂X 2022款 330TSI 两驱豪华版,SUV,28.5,4.1,2,186,320,4917,1989,1719,2980,https://p9-dcd.byteimg.com/img/motor-img/4a82796542de446b9a95bb5c468258d0~noop.png
178,雷克萨斯NX 2022款 260 前驱 创驰版,SUV,31.88,4.18,2.5,205,243,4660,1865,1660,2690,https://p1-dcd.byteimg.com/img/motor-img/310724627d2fa5878db2d88f6c008d9d~noop.png
179,宝马X5 2022款 xDrive 30Li M运动套装,SUV,60.5,4.6,2,245,400,5060,2004,1779,3105,https://p9-dcd.byteimg.com/img/motor-img/b52cd12ebe3539aec00f1eb70b53464f~noop.png
180,揽胜 2022款 3.0 L6 400PS 盛世七座加长版,SUV,146.8,4.56,3,400,550,5252,2047,1870,3197,https://p1-dcd.byteimg.com/img/motor-img/48e9ff3bc991d2fb08ebcd1cda860c67~noop.png
181,奔驰GLE 2022款 GLE 350 4MATIC 动感型,SUV,69.98,4.31,2,258,370,4930,1950,1795,2995,https://p9-dcd.byteimg.com/img/motor-img/552aa57b3d6964172444b07aa0ece5c0~noop.png
182,飞行家 2021款 3.0T V6 两驱尊悦版,SUV,50.98,4.33,3,355,553,5080,2022,1759,3025,https://p1-dcd.byteimg.com/img/motor-img/ad53b550ad2645d145836079677486ca~noop.png
183,Macan 2023款 Macan 2.0T,SUV,57.3,4.57,2,265,400,4726,1922,1621,2807,https://p1-dcd.byteimg.com/img/motor-img/8c3a6259f1b98724cd3dcb49e3a078b1~noop.png
184,途锐 2022款 2.0TSI 锐尚版,SUV,65.18,4.16,2,245,370,4878,1984,1686,2899,https://p1-dcd.byteimg.com/img/motor-img/c27c9685df09b8bafacc0dee421c5f51~noop.png
185,雷克萨斯RX 2021款 300 四驱特别版,SUV,50.9,4.26,2,231,350,4890,1895,1710,2790,https://p1-dcd.byteimg.com/img/motor-img/2bf0638c30c50d9b45f8d1a68e0d8385~noop.png
186,卫士 2023款 90 2.0T P300 SE,SUV,69.8,4.63,2,300,400,4323,2008,1969,2587,https://p1-dcd.byteimg.com/img/motor-img/7e3aad4faa6df97e80dcff26400041e0~noop.png
187,奔驰G级 2022款 G 500,SUV,189.2,4.93,4,421,610,4866,1931,1975,2890,https://p1-dcd.byteimg.com/img/motor-img/2cc3e061385432c976550114dba7436b~noop.png
188,Cayenne 2023款 Cayenne 3.0T,SUV,92.3,4.54,3,340,450,4918,1983,1696,2895,https://p1-dcd.byteimg.com/img/motor-img/3f4b0a5925ee9ebc28591704dc843b99~noop.png
189,牧马人 2022款 2.0T 高地丛林绿限量版,SUV,49.49,4.3,2,266,400,4882,1894,1838,3008,https://p1-dcd.byteimg.com/img/motor-img/189bee2f3c01c707c1c0e39e0e732fc7~noop.png
190,奔驰GLS 2022款 改款 GLS 400 4MATIC,SUV,106.8,4.23,2.5,313,450,5218,2030,1823,3135,https://p1-dcd.byteimg.com/img/motor-img/d6dc40fc94cd4227869a919754e8a8bb~noop.png
191,沃尔沃XC90 2022款 B5 智行豪华版 5座,SUV,63.89,4.41,2,250,350,4953,1958,1776,2984,https://p1-dcd.byteimg.com/img/motor-img/0ff41371098cc2ca003991d9002ac987~noop.png
193,奥迪Q7 2022款 45 TFSI quattro S line运动型,SUV,70.18,4.31,2,245,370,5067,1970,1731,2996,https://p1-dcd.byteimg.com/img/motor-img/543fb6955f21d81ee526c77717fa8a14~noop.png
194,揽胜星脉 2022款 250PS,SUV,55.8,4.51,2,250,365,4811,1930,1684,2874,https://p9-dcd.byteimg.com/img/motor-img/0cd9299753ffdd8488479fa4b0aaff1c~noop.png
195,揽胜运动版 2022款 3.0 L6 SE,SUV,90.8,4.55,3,360,495,4879,2073,1803,2923,https://p1-dcd.byteimg.com/img/motor-img/b3ee86613ee39e7cadccc415d58d3e57~noop.png
196,Grecale 2023款 2.0T GT,SUV,63.88,4.3,2,300,450,4846,1948,1670,2901,https://p1-dcd.byteimg.com/img/motor-img/69a0a34bb76458d21da97c2b72c58980~noop.png
197,宝马X7 2022款 xDrive40i 领先型豪华套装,SUV,100,4.47,3,340,450,5163,2000,1835,3105,https://p1-dcd.byteimg.com/img/motor-img/9d0411198be7a571b03fbb3011d8e15d~noop.png
198,雷克萨斯NX 2022款 260 前驱 创驰版,SUV,31.88,4.18,2.5,205,243,4660,1865,1660,2690,https://p1-dcd.byteimg.com/img/motor-img/310724627d2fa5878db2d88f6c008d9d~noop.png
199,奔驰G级AMG 2022款 AMG G 63,SUV,254.7,4.91,4,585,850,4870,1984,1979,2890,https://p1-dcd.byteimg.com/img/motor-img/8483a156499242bb3ee14fad0dbcea86~noop.png
200,迈巴赫GLS 2021款 GLS 480 4MATIC,SUV,183.3,4.41,3,367,500,5210,2030,1838,3135,https://p1-dcd.byteimg.com/img/motor-img/a4ed4ad517848485f5c300a1cd11d796~noop.png
201,领航员 2020款 3.5T 尊耀版,SUV,109.8,4.42,3.5,387,680,5355,2073,1937,3112,https://p1-dcd.byteimg.com/img/motor-img/29dd638bf6e4811b85b16c575530f30b~noop.png
202,宝马X4 2022款 xDrive 25i M运动套装,SUV,45.59,4.49,2,184,300,4762,1926,1632,2864,https://p1-dcd.byteimg.com/img/motor-img/00aad4e2841ef717e76e033ffd60eb32~noop.png
203,宝马X5(进口) 2022款 xDrive30i M运动套装,SUV,69.99,4.66,2,265,400,4930,2004,1776,2975,https://p1-dcd.byteimg.com/img/motor-img/8036944082d3e69598229df25eeeedd8~noop.png
204,库里南 2020款 Black Badge,SUV,780,4.69,6.7,600,900,5341,2000,1837,3295,https://p9-dcd.byteimg.com/img/motor-img/8c26a75927bd00d87edd295c9ecb1e37~noop.png
206,Urus 2021款 4.0T V8,SUV,294.11,4.75,4,650,850,5112,2016,1638,3003,https://p3-dcd.byteimg.com/img/motor-img/cc2ff963741939634ecaa2690f80bb59~noop.png
207,奥迪Q8 2022款 45 TFSI 豪华动感型,SUV,78.28,4.51,2,245,370,5006,1995,1695,2998,https://p1-dcd.byteimg.com/img/motor-img/49ac232cde07d93d5e6f08998e17e62b~noop.png
209,别克GL8 2022款 陆上公务舱 652T 舒适型,MPV,23.29,4.01,2,237,350,5238,1878,1776,3088,https://p1-dcd.byteimg.com/img/motor-img/ca3b383b45ed3d32080e341e8e664cd0~noop.png
210,传祺M8 2021款 改款 领秀系列 390T 豪华版,MPV,17.98,4.17,2,252,390,5089,1884,1822,3000,https://p1-dcd.byteimg.com/img/motor-img/0ea10a539c0583c042068e27450a040b~noop.png
211,奥德赛 2022款 2.0L 锐・悦享版,MPV,23.58,4.08,2,146,175,4861,1820,1712,2900,https://p3-dcd.byteimg.com/img/motor-img/24513d34201d404f3499988efef33589~noop.png
212,库斯途 2022款 270TGDi 智爱旗舰版 TOP,MPV,19.58,3.83,1.5,170,253,4950,1850,1734,3055,https://p1-dcd.byteimg.com/img/motor-img/b8003b7e07498026bae4c0eef2ac8b4f~noop.png
213,荣威iMAX8 2022款 400TGI 旗舰版,MPV,18.88,4.07,2,234,360,5016,1909,1782,3000,https://p3-dcd.byteimg.com/img/motor-img/6ffaee9ed099579b79c84b9616309175~noop.png
214,上汽大通MAXUS G90 2022款 2.0T 星辰七座版,MPV,21.99,4.1,2,234,360,5280,1998,1845,3200,https://p9-dcd.byteimg.com/img/motor-img/a1ee687418329152e9c1b720e140a392~noop.png
215,途睿欧 2020款 2.0T 手动精英版 国VI,MPV,18.69,4.1,2,203,300,4976,2095,1990,2933,https://p1-dcd.byteimg.com/img/motor-img/4c3aa842be214b62d3079f9992b593c6~noop.png
216,上汽大通MAXUS G20 2022款 PLUS 2.0T 自动曼哈顿版,MPV,33.88,4,2,224,350,5198,1980,1928,3198,https://p1-dcd.byteimg.com/img/motor-img/7f2c97afafad9ed6d875d3a8fb3ce8cf~noop.png
217,风行M7 2022款 领爵款 2.0T 自动伯爵版,MPV,14.69,3.57,2,224,385,5170,1920,1930,3198,https://p1-dcd.byteimg.com/img/motor-img/dd83b429d3e51b7671c7258ecaecf821~noop.png
220,瑞风L6 MAX 2022款 2.0T 自动高功率舒享版,MPV,18.38,4.1,2,236,390,5255,1850,1970,3200,https://p1-dcd.byteimg.com/img/motor-img/f14374560913e11a0f0e22ee6d6d63a2~noop.png
221,别克GL8 2022款 陆上公务舱 652T 舒适型,MPV,23.29,4.01,2,237,350,5238,1878,1776,3088,https://p1-dcd.byteimg.com/img/motor-img/ca3b383b45ed3d32080e341e8e664cd0~noop.png
222,传祺M8 2021款 改款 领秀系列 390T 豪华版,MPV,17.98,4.17,2,252,390,5089,1884,1822,3000,https://p1-dcd.byteimg.com/img/motor-img/0ea10a539c0583c042068e27450a040b~noop.png
223,奥德赛 2022款 2.0L 锐・悦享版,MPV,23.58,4.08,2,146,175,4861,1820,1712,2900,https://p3-dcd.byteimg.com/img/motor-img/24513d34201d404f3499988efef33589~noop.png
224,赛那 2021款 2.5L混动 舒适版,MPV,30.98,4.2,2.5,192,238,5165,1995,1765,3060,https://p1-dcd.byteimg.com/img/motor-img/3d40895e3ab4e118a086187f7e78ebba~noop.png
225,梦想家 2022款 低碳版 家,MPV,36.99,4.1,1.5,136,200,5315,1985,1820,3200,https://p1-dcd.byteimg.com/img/motor-img/db3cf939fd41ad7e746f3cf4e1c77ea6~noop.png
226,艾力绅 2022款 2.0L 混动经典版,MPV,27.98,4.06,2,146,175,4951,1842,1711,2900,https://p1-dcd.byteimg.com/img/motor-img/ca29b4ab792b352e4205c0a2c674453f~noop.png
227,威然 2022款 330TSI 商务版,MPV,28.98,4.1,2,186,320,5346,1976,1781,3180,https://p1-dcd.byteimg.com/img/motor-img/d5a321e44d8fd3cbd522d1fb22b35c36~noop.png
228,威霆 2021款 2.0T 精英版 7座,MPV,29.38,4.11,2,211,350,5370,1928,1880,3430,https://p1-dcd.byteimg.com/img/motor-img/99be7e56fcde356fb22ec554e1edd23f~noop.png
229,嘉华 2021款 2.0T豪华款,MPV,28.89,4.03,2,233,353,5155,1995,1795,3090,https://p1-dcd.byteimg.com/img/motor-img/c6ac1024c4633112f738ffc8fc41b52c~noop.png
230,上汽大通MAXUS G90 2022款 2.0T 星辰七座版,MPV,21.99,4.2,2,234,360,5280,1998,1845,3200,https://p1-dcd.byteimg.com/img/motor-img/a1ee687418329152e9c1b720e140a392~noop.png
231,上汽大通MAXUS G20 2022款 PLUS 2.0T 自动曼哈顿版,MPV,33.88,4,2,224,350,5198,1980,1928,3198,https://p1-dcd.byteimg.com/img/motor-img/7f2c97afafad9ed6d875d3a8fb3ce8cf~noop.png
235,别克GL8 2022款 陆上公务舱 652T 舒适型,MPV,23.29,4.01,2,237,350,5238,1878,1776,3088,https://p1-dcd.byteimg.com/img/motor-img/ca3b383b45ed3d32080e341e8e664cd0~noop.png
236,梦想家 2022款 低碳版 家,MPV,36.99,4.3,1.5,136,200,5315,1985,1820,3200,https://p9-dcd.byteimg.com/img/motor-img/db3cf939fd41ad7e746f3cf4e1c77ea6~noop.png
237,埃尔法 2021款 双擎 2.5L 豪华版,MPV,83.9,4.4,2.5,117,198,4975,1850,1945,3000,https://p1-dcd.byteimg.com/img/motor-img/3105c94354a01bb177474e6c81e21dfe~noop.png
238,奔驰V级 2021款 V 260 领航版,MPV,47.88,4.31,2,211,350,5140,1928,1880,3200,https://p9-dcd.byteimg.com/img/motor-img/16fa3d6340f7e402988c12641828d6b0~noop.png
239,雷克萨斯LM 2020款 300h 七座隽雅版,MPV,116.6,4.47,2.5,117,198,5040,1850,1945,3000,https://p1-dcd.byteimg.com/img/motor-img/986d47c0da02b9253a0b22085e522395~noop.png
240,威尔法 2021款 皇冠 双擎 2.5L HV豪华版,MPV,83.9,4.24,2.5,117,198,4975,1850,1945,3000,https://p1-dcd.byteimg.com/img/motor-img/56a3d2fac58806bc7dd463849569ef93~noop.png
241,克蒂圣姆峰 2022款 2.0T 圣姆峰M1 7座版,MPV,42.98,4.11,2,203,300,5450,2095,2010,3300,https://p1-dcd.byteimg.com/img/motor-img/56a3d2fac58806bc7dd463849569ef93~noop.png
242,克蒂巴赫 2021款 2.0T 巴赫M3单门 7座,MPV,65.8,4.11,2,211,350,5370,1928,1880,3430,https://p1-dcd.byteimg.com/img/motor-img/56a3d2fac58806bc7dd463849569ef93~noop.png
243,傲旋V-Class 2021款 2.0T 纵横四海,MPV,148,4.11,2,211,350,5420,1928,2060,3430,https://p1-dcd.byteimg.com/img/motor-img/56a3d2fac58806bc7dd463849569ef93~noop.png
244,晓奥V-Class 2022款 梵赫版,MPV,78.8,4.11,2,211,350,5370,1928,2100,3430,https://p1-dcd.byteimg.com/img/motor-img/56a3d2fac58806bc7dd463849569ef93~noop.png
245,星影VLS 2022款 VLS500,MPV,85.8,4.11,2,211,350,5400,1928,2030,3430,https://p1-dcd.byteimg.com/img/motor-img/56a3d2fac58806bc7dd463849569ef93~noop.png
246,Lorinser VS系列 2021款 VS600MX 湾流・天地合一,MPV,198.8,4.11,2,211,350,5465,1928,1940,3430,https://p1-dcd.byteimg.com/img/motor-img/91561bc6d3d90ed43353dd3f3523c0a2~noop.png
247,Lorinser LS560MX 2020款 LS560MX SKABINE 天际,MPV,138.8,4.11,2,211,350,5465,1928,1940,3430,https://p1-dcd.byteimg.com/img/motor-img/91561bc6d3d90ed43353dd3f3523c0a2~noop.png
248,车驰V-Class 2020款 V260L 维多利亚 臻享版,MPV,89.8,4.11,2,211,350,5420,1928,2060,3430,https://p1-dcd.byteimg.com/img/motor-img/91561bc6d3d90ed43353dd3f3523c0a2~noop.png
249,LUMMA CLR V 2022款 2.0T 男爵版,MPV,138,4.11,2,261,430,5400,1928,1920,3430,https://p1-dcd.byteimg.com/img/motor-img/91561bc6d3d90ed43353dd3f3523c0a2~noop.png
250,迈莎锐MV600 2021款 2.0T d影,MPV,143.8,4.11,2,211,350,5400,1928,1920,3430,https://p1-dcd.byteimg.com/img/motor-img/91561bc6d3d90ed43353dd3f3523c0a2~noop.png
251,克蒂雪堆白 2021款 2.0T 雪堆白MH7,MPV,168,4.11,2,211,350,5400,1928,1920,3430,https://p1-dcd.byteimg.com/img/motor-img/91561bc6d3d90ed43353dd3f3523c0a2~noop.png
252,Lorinser MS500L 2020款 MS500L,MPV,88.8,4.11,2,211,350,5370,1928,1920,3430,https://p1-dcd.byteimg.com/img/motor-img/91561bc6d3d90ed43353dd3f3523c0a2~noop.png
253,卡漠兹系列 2021款 2.0T 威霆-全隔断,MPV,84.8,4.11,2,211,350,5370,1928,2095,3430,https://p1-dcd.byteimg.com/img/motor-img/91561bc6d3d90ed43353dd3f3523c0a2~noop.png
254,铂驰维努斯 2021款 2.0T NOVA星航,MPV,148.8,4.11,2,211,350,5400,1928,1970,3430,https://p1-dcd.byteimg.com/img/motor-img/91561bc6d3d90ed43353dd3f3523c0a2~noop.png
255,铂驰V系列 2021款 2.0T 威享,MPV,118.8,4.11,2,211,350,5400,1928,2100,3430,https://p1-dcd.byteimg.com/img/motor-img/91561bc6d3d90ed43353dd3f3523c0a2~noop.png
256,WALD V-Class 2020款 V 260 火系列,MPV,98.8,4.11,2,211,350,5140,1928,1920,3200,https://p1-dcd.byteimg.com/img/motor-img/91561bc6d3d90ed43353dd3f3523c0a2~noop.png
257,凌际星云系列 2022款 星云系列 2.0T 六座版,MPV,138,4.11,2,211,350,5370,1928,1998,3430,https://p1-dcd.byteimg.com/img/motor-img/91561bc6d3d90ed43353dd3f3523c0a2~noop.png
258,雅升V-Class 2021款 2.0T 雅升・墨非,MPV,115.8,4.11,2,211,350,5400,1940,2085,3430,https://p1-dcd.byteimg.com/img/motor-img/91561bc6d3d90ed43353dd3f3523c0a2~noop.png
259,上V级 2021款 V260L 铂金马版,MPV,119.8,4.11,2,211,350,5370,1928,2085,3430,https://p1-dcd.byteimg.com/img/motor-img/91561bc6d3d90ed43353dd3f3523c0a2~noop.png
260,LEVC TX(海外) 2020款 ICON,MPV,92.51,4.11,1.5,82,255,4857,1874,1888,2986,https://p1-dcd.byteimg.com/img/motor-img/91561bc6d3d90ed43353dd3f3523c0a2~noop.png
261,金冠奔驰V-Class 2020款 2.0T 高顶无隔断 D1款,MPV,96.8,4.11,2,211,350,5450,1928,2050,3430,https://p1-dcd.byteimg.com/img/motor-img/91561bc6d3d90ed43353dd3f3523c0a2~noop.png
262,卡升V-Class 2021款 V 260 L 高顶盛澜,MPV,128,4.11,2,211,350,5465,1950,2160,3430,https://p1-dcd.byteimg.com/img/motor-img/91561bc6d3d90ed43353dd3f3523c0a2~noop.png
263,龙程V-Class 2021款 豪华型,MPV,138,4.11,2,211,350,5400,1928,2050,3430,https://p1-dcd.byteimg.com/img/motor-img/91561bc6d3d90ed43353dd3f3523c0a2~noop.png
264,保时捷718 2023款 Cayman 2.0T,跑车,56.5,4.47,2,250,310,4379,1801,1295,2475,https://p1-dcd.byteimg.com/img/motor-img/b1cdec551b2ec5cbf21056186a9c5bff~noop.png
265,AMG GT 2022款 AMG GT 50 四门跑车,跑车,98.68,4.81,3,367,500,5054,1953,1455,2951,https://p3-dcd.byteimg.com/img/motor-img/95e3bdcfc3684df3335b40a51c885f10~noop.png
266,保时捷911 2022款 Carrera 3.0T,跑车,127.8,4.54,3,385,450,4519,1852,1298,2450,https://p1-dcd.byteimg.com/img/motor-img/36a5c683508cfaefe6350ced649bf34d~noop.png
267,Aventador 2019款 Aventador SVJ,跑车,736.4,4.77,6.5,770,720,4943,2098,1136,2700,https://p1-dcd.byteimg.com/img/motor-img/7b8fb3c2c51821b7f2f94ee0b8f1958f~noop.png
268,捷豹F-TYPE 2023款 P300 硬顶版,跑车,58.2,4.72,2,300,400,4470,1923,1308,2622,https://p3-dcd.byteimg.com/img/motor-img/69132c20b3e3d3b57b4f7ce66cf8115c~noop.png
269,Supra 2022款 GR SUPRA 2.0T 标准型,跑车,49.6,4.51,2,197,320,4381,1867,1310,2470,https://p1-dcd.byteimg.com/img/motor-img/16db4edc7be4bf9f8043191fff2c17c8~noop.png
270,Huracán 2021款 Huracán STO,跑车,390,4.86,5.2,640,565,4549,1945,1220,2620,https://p1-dcd.byteimg.com/img/motor-img/51cf87e2766800197503c0de429a91fa~noop.png
271,宝马Z4 2022款 sDrive 25i M运动套装,跑车,48.88,4.35,2,197,320,4336,1867,1322,2470,https://p1-dcd.byteimg.com/img/motor-img/fa2d4c6ab395b5024f43a68d39f1d637~noop.png
272,奥迪R8 2022款 V10 Coupe Performance,跑车,232.38,4.73,5.2,620,570,4429,1940,1236,2650,https://p1-dcd.byteimg.com/img/motor-img/c99d47c4d1db39f793546005c40b89aa~noop.png
273,欧陆 2022款 4.0T GT V8,跑车,305.5,4.84,4,550,770,4850,1966,1405,2851,https://p1-dcd.byteimg.com/img/motor-img/4d81c344b63325f550c04a5ac4e48a36~noop.png
274,Vantage 2023款 4.0T V8 Coupe,跑车,175.8,4.61,4,510,685,4465,1942,1273,2704,https://p1-dcd.byteimg.com/img/motor-img/354b3a1681f0022f5d8c691f98a7a453~noop.png
275,法拉利Roma 2020款 3.9T V8,跑车,241.8,4.3,3.9,620,760,4656,1974,1301,2670,https://p1-dcd.byteimg.com/img/motor-img/2a85d084ebb7477b747a8f7604dbcb46~noop.png
276,雷克萨斯LC 2021款 500h 特别版,跑车,129.8,4.74,3.5,299,350,4770,1920,1345,2870,https://p1-dcd.byteimg.com/img/motor-img/8e0599c6d23c2f74b1df8dd0a64949f7~noop.png
277,阿斯顿・马丁DB11 2023款 4.0T V8 Coupe,跑车,235.8,4.7,4,535,675,4750,1950,1290,2805,https://p9-dcd.byteimg.com/img/motor-img/ec308b9a29d44dd258a4247aef475d03~noop.png
278,迈凯伦GT 2019款 4.0T 标准型,跑车,208.8,4.64,4,620,630,4683,2095,1213,2675,https://p1-dcd.byteimg.com/img/motor-img/c5c54def79d8d79ba8142b544b203a48~noop.png
279,法拉利F8 2019款 Tributo 3.9T V8,跑车,305.7,4.81,3.9,720,770,4611,1979,1206,2650,https://p1-dcd.byteimg.com/img/motor-img/7317ac6a785b72073a9fbf24c1e26734~noop.png
280,玛莎拉蒂MC20 2021款 3.0T 标准版,跑车,211.13,4.71,3,630,730,4669,1965,1224,2700,https://p1-dcd.byteimg.com/img/motor-img/6fceb26d54a902f5756364f85f0c21f7~noop.png
281,法拉利296 GTB 2021款 3.0T V6,跑车,298.8,4.8,3,663,740,4565,1958,1187,2600,https://p1-dcd.byteimg.com/img/motor-img/b88d2f905fae0c87f6c8d871c84505ac~noop.png
282,法拉利SF90 2021款 3.9T V8 Spider,跑车,510.8,4.8,3.9,780,800,4704,1973,1191,2650,https://p3-dcd.byteimg.com/img/motor-img/a0d44e2e6419aef9ea1c5c72e62d8312~noop.png
283,法拉利812 2020款 6.5L GTS,跑车,540.8,4.8,6.5,800,718,4693,1971,1276,2720,https://p1-dcd.byteimg.com/img/motor-img/f59669b6142978d7f5ad5846739a4ac3~noop.png
284,阿斯顿・马丁DBS 2023款 DBS Superleggera V12 Coupe,跑车,400.8,0,5.2,725,900,4712,1968,1280,2805,https://p1-dcd.byteimg.com/img/motor-img/be2282d67b21cb4ff0904f8d3bbd7ea8~noop.png
285,Portofino 2021款 3.9T M,跑车,268.8,4.59,3.9,620,760,4594,1938,1318,2670,https://p1-dcd.byteimg.com/img/motor-img/ec879989614edba64cb491b30c9c14e9~noop.png
286,迈凯伦Artura 2021款 3.0T PHEV 标准型,跑车,238,4.7,3,585,585,4539,1913,1193,2640,https://p1-dcd.byteimg.com/img/motor-img/e1acc27d3434f67503bde03ba01408fa~noop.png
287,Gemera 2021款 2.0T 基本型,跑车,1980,4.7,2,598,600,4975,1988,1295,3000,https://p1-dcd.byteimg.com/img/motor-img/e1acc27d3434f67503bde03ba01408fa~noop.png
288,魅影 2018款 6.6T 标准型,跑车,505,4.5,6.6,632,820,5285,1947,1507,3112,https://p1-dcd.byteimg.com/img/motor-img/e1acc27d3434f67503bde03ba01408fa~noop.png
289,Emira 2022款 2.0T DCT First Edition,跑车,85.8,4.5,2,405,480,4412,1895,1225,2575,https://p1-dcd.byteimg.com/img/motor-img/7c85324b3ad3e83852fd5d4fcc3ec101~noop.png
291,曜影 2018款 6.6T 标准型,跑车,520,4.6,6.6,571,820,5295,1947,1506,3112,https://p1-dcd.byteimg.com/img/mosaic-legacy/65de00007cb4309b8146~noop.png
292,Polestar 1 2020款 标准型,跑车,145,4.43,2,326,435,4586,2023,1352,2742,https://p1-dcd.byteimg.com/img/motor-img/24875c76946683afcfa4b5d82f9802c2~noop.png
